-- phpMyAdmin SQL Dump
-- version 5.2.0
-- https://www.phpmyadmin.net/
--
-- Servidor: localhost
-- Tiempo de generación: 02-03-2023 a las 20:19:32
-- Versión del servidor: 10.4.27-MariaDB
-- Versión de PHP: 8.2.0

SET SQL_MODE = "NO_AUTO_VALUE_ON_ZERO";
START TRANSACTION;
SET time_zone = "+00:00";


/*!40101 SET @OLD_CHARACTER_SET_CLIENT=@@CHARACTER_SET_CLIENT */;
/*!40101 SET @OLD_CHARACTER_SET_RESULTS=@@CHARACTER_SET_RESULTS */;
/*!40101 SET @OLD_COLLATION_CONNECTION=@@COLLATION_CONNECTION */;
/*!40101 SET NAMES utf8mb4 */;

--
-- Base de datos: `db_tiendavirtual`
--

-- --------------------------------------------------------

--
-- Estructura de tabla para la tabla `categoria`
--

CREATE TABLE `categoria` (
  `idcategoria` bigint(20) NOT NULL,
  `nombre` varchar(255) NOT NULL,
  `descripcion` text NOT NULL,
  `portada` varchar(100) NOT NULL,
  `datecreated` datetime NOT NULL DEFAULT current_timestamp(),
  `ruta` varchar(255) NOT NULL,
  `status` int(11) NOT NULL DEFAULT 1
) ENGINE=InnoDB DEFAULT CHARSET=utf8mb4 COLLATE=utf8mb4_swedish_ci;

--
-- Volcado de datos para la tabla `categoria`
--

INSERT INTO `categoria` (`idcategoria`, `nombre`, `descripcion`, `portada`, `datecreated`, `ruta`, `status`) VALUES
(1, 'Chaquetas', 'Lo mejor en moda', 'img_1706b9300f46dc7a373cdc6ae8928895.jpg', '2020-10-23 03:14:08', 'chaquetas', 1),
(2, 'Blusas', 'Las chicas perfectas', 'img_4e01ad64d99f3fba516bc77d198ce17f.jpg', '2020-10-23 03:17:26', 'blusas', 1),
(3, 'Jeans', 'Lo mejor en Jeans', 'img_6cfc2c38c15593e36a5e41795ea1de32.jpg', '2020-10-23 03:17:42', 'jeans', 1),
(4, 'Caballero', 'Productos para caballeros', 'img_a939c8d8ca5784159a43d0d82b80582d.jpg', '2020-10-28 03:45:12', 'caballero', 1),
(5, 'Damas', 'Productos para damas', 'img_5dafcd6ec18901c147c7cfde850a1ab1.jpg', '2020-10-30 03:05:09', 'damas', 1),
(6, 'Accesorios', 'Accesorios varios', 'img_84f83e4988f31e6fd25e9d2df04d3f7f.jpg', '2020-11-14 00:21:15', 'accesorios', 1),
(7, 'Categoria ejemplo', 'Descripción categoría ejemplo', 'portada_categoria.png', '2020-12-05 22:38:27', 'categoria-ejemplo', 1),
(8, 'Caterogía 20', 'Descripción', 'portada_categoria.png', '2020-12-05 23:00:16', 'caterogia-20', 1);

-- --------------------------------------------------------

--
-- Estructura de tabla para la tabla `detalle_pedido`
--

CREATE TABLE `detalle_pedido` (
  `id` bigint(20) NOT NULL,
  `pedidoid` bigint(20) NOT NULL,
  `productoid` bigint(20) NOT NULL,
  `precio` decimal(11,2) NOT NULL,
  `cantidad` int(11) NOT NULL
) ENGINE=InnoDB DEFAULT CHARSET=utf8mb4 COLLATE=utf8mb4_swedish_ci;

-- --------------------------------------------------------

--
-- Estructura de tabla para la tabla `detalle_temp`
--

CREATE TABLE `detalle_temp` (
  `id` bigint(20) NOT NULL,
  `personaid` bigint(20) NOT NULL,
  `productoid` bigint(20) NOT NULL,
  `precio` decimal(11,2) NOT NULL,
  `cantidad` int(11) NOT NULL,
  `transaccionid` varchar(255) NOT NULL
) ENGINE=InnoDB DEFAULT CHARSET=utf8mb4 COLLATE=utf8mb4_swedish_ci;

--
-- Volcado de datos para la tabla `detalle_temp`
--

INSERT INTO `detalle_temp` (`id`, `personaid`, `productoid`, `precio`, `cantidad`, `transaccionid`) VALUES
(20, 1, 9, '120.00', 3, 'u7t5tltdis6d33om5lsih695v2');

-- --------------------------------------------------------

--
-- Estructura de tabla para la tabla `imagen`
--

CREATE TABLE `imagen` (
  `id` bigint(20) NOT NULL,
  `productoid` bigint(20) NOT NULL,
  `img` varchar(100) NOT NULL
) ENGINE=InnoDB DEFAULT CHARSET=utf8mb4 COLLATE=utf8mb4_swedish_ci;

--
-- Volcado de datos para la tabla `imagen`
--

INSERT INTO `imagen` (`id`, `productoid`, `img`) VALUES
(3, 3, 'pro_e702903506bd14ecc0e5645cc8a308d2.jpg'),
(4, 3, 'pro_c3abd10d62fa7b01e8dfd61e18118913.jpg'),
(5, 4, 'pro_3e64800e9336055a0a58b69fdad32048.jpg'),
(6, 5, 'pro_bd7592482a91f4531d8a10ab3d815945.jpg'),
(7, 5, 'pro_d8444581afca144189dcfa8303dd58ee.jpg'),
(8, 7, 'pro_1abf3c3c00b89188b25e324dc39d6f62.jpg'),
(10, 8, 'pro_e0c8f0211ec0cf449278010dcbd64da6.jpg'),
(11, 8, 'pro_b4c0c0e77f29cbc207bd1f8bbeb30e02.jpg'),
(12, 7, 'pro_50458020b4d9ac78098be1649bcad5a8.jpg'),
(13, 9, 'pro_14b6a7a08d0aa5a2b779db08bc35c439.jpg'),
(19, 2, 'pro_25bff00db4ed6a2e028cb28195cfa649.jpg'),
(20, 2, 'pro_75f4d282b2735d59287c551e6c2a094e.jpg'),
(21, 6, 'pro_bba122841772a79d9089efe260b0d585.jpg'),
(22, 6, 'pro_bf14fed939b2da088255727ede14a1f8.jpg'),
(24, 10, 'pro_6c0537968a89765773d91230daef622a.jpg'),
(25, 10, 'pro_e3345c10650826ea67447733e65e63a8.jpg'),
(27, 11, 'pro_2742b9f94da4267903f22e05a1ed08d4.jpg'),
(28, 11, 'pro_b9b6a5888dd066a017b0e20ca68eee5d.jpg'),
(29, 11, 'pro_ecad1c55690162bc9e1ed58c767f3987.jpg'),
(30, 12, 'pro_d1d4ad5e1603d3c15a440e5dd4c5cb0c.jpg'),
(31, 12, 'pro_c6f6b5eea4c76ed9bc3a58472c6468b7.jpg'),
(32, 12, 'pro_c5b9a923e22639730766f5b9a88773fd.jpg'),
(33, 12, 'pro_616b30feafb00faca08cb1019150610f.jpg'),
(35, 13, 'pro_c820f0c056787c3d172711fb10d1f14a.jpg'),
(36, 13, 'pro_e3a6cb1dd8d87357c40b8e9d33e65821.jpg');

-- --------------------------------------------------------

--
-- Estructura de tabla para la tabla `modulo`
--

CREATE TABLE `modulo` (
  `idmodulo` bigint(20) NOT NULL,
  `titulo` varchar(50) NOT NULL,
  `descripcion` text NOT NULL,
  `status` int(11) NOT NULL DEFAULT 1
) ENGINE=InnoDB DEFAULT CHARSET=utf8mb4 COLLATE=utf8mb4_swedish_ci;

--
-- Volcado de datos para la tabla `modulo`
--

INSERT INTO `modulo` (`idmodulo`, `titulo`, `descripcion`, `status`) VALUES
(1, 'Dashboard', 'Dashboard', 1),
(2, 'Usuarios', 'Usuarios del sistema', 1),
(3, 'Clientes', 'Clientes de tienda', 1),
(4, 'Productos', 'Todos los productos', 1),
(5, 'Pedidos', 'Pedidos', 1),
(6, 'Caterogías', 'Caterogías Productos', 1);

-- --------------------------------------------------------

--
-- Estructura de tabla para la tabla `pedido`
--

CREATE TABLE `pedido` (
  `idpedido` bigint(20) NOT NULL,
  `personaid` bigint(20) NOT NULL,
  `fecha` datetime NOT NULL DEFAULT current_timestamp(),
  `monto` decimal(11,2) NOT NULL,
  `tipopagoid` bigint(20) NOT NULL,
  `status` int(11) NOT NULL DEFAULT 1
) ENGINE=InnoDB DEFAULT CHARSET=utf8mb4 COLLATE=utf8mb4_swedish_ci;

-- --------------------------------------------------------

--
-- Estructura de tabla para la tabla `permisos`
--

CREATE TABLE `permisos` (
  `idpermiso` bigint(20) NOT NULL,
  `rolid` bigint(20) NOT NULL,
  `moduloid` bigint(20) NOT NULL,
  `r` int(11) NOT NULL DEFAULT 0,
  `w` int(11) NOT NULL DEFAULT 0,
  `u` int(11) NOT NULL DEFAULT 0,
  `d` int(11) NOT NULL DEFAULT 0
) ENGINE=InnoDB DEFAULT CHARSET=utf8mb4 COLLATE=utf8mb4_swedish_ci;

--
-- Volcado de datos para la tabla `permisos`
--

INSERT INTO `permisos` (`idpermiso`, `rolid`, `moduloid`, `r`, `w`, `u`, `d`) VALUES
(350, 2, 1, 1, 0, 0, 0),
(351, 2, 2, 0, 0, 0, 0),
(352, 2, 3, 0, 0, 0, 0),
(353, 2, 4, 0, 0, 0, 0),
(354, 2, 5, 0, 0, 0, 0),
(355, 2, 6, 0, 0, 0, 0),
(596, 3, 1, 1, 0, 0, 0),
(597, 3, 2, 0, 0, 0, 0),
(598, 3, 3, 0, 0, 0, 0),
(599, 3, 4, 0, 0, 0, 0),
(600, 3, 5, 0, 0, 0, 0),
(601, 3, 6, 0, 0, 0, 0),
(602, 1, 1, 1, 0, 0, 0),
(603, 1, 2, 1, 1, 1, 1),
(604, 1, 3, 1, 1, 1, 1),
(605, 1, 4, 1, 1, 1, 1),
(606, 1, 5, 1, 1, 1, 1),
(607, 1, 6, 1, 1, 1, 1),
(608, 10, 1, 0, 0, 0, 0),
(609, 10, 2, 0, 0, 0, 0),
(610, 10, 3, 0, 0, 0, 0),
(611, 10, 4, 0, 1, 0, 0),
(612, 10, 5, 0, 1, 0, 0),
(613, 10, 6, 0, 1, 0, 0);

-- --------------------------------------------------------

--
-- Estructura de tabla para la tabla `persona`
--

CREATE TABLE `persona` (
  `idpersona` bigint(20) NOT NULL,
  `identificacion` varchar(30) DEFAULT NULL,
  `nombres` varchar(80) NOT NULL,
  `apellidos` varchar(100) NOT NULL,
  `telefono` bigint(20) NOT NULL,
  `email_user` varchar(100) NOT NULL,
  `password` varchar(75) NOT NULL,
  `nit` varchar(20) DEFAULT NULL,
  `nombrefiscal` varchar(80) DEFAULT NULL,
  `direccionfiscal` varchar(100) DEFAULT NULL,
  `token` varchar(100) DEFAULT NULL,
  `rolid` bigint(20) NOT NULL,
  `datecreated` datetime NOT NULL DEFAULT current_timestamp(),
  `status` int(11) NOT NULL DEFAULT 1
) ENGINE=InnoDB DEFAULT CHARSET=utf8mb4 COLLATE=utf8mb4_swedish_ci;

--
-- Volcado de datos para la tabla `persona`
--

INSERT INTO `persona` (`idpersona`, `identificacion`, `nombres`, `apellidos`, `telefono`, `email_user`, `password`, `nit`, `nombrefiscal`, `direccionfiscal`, `token`, `rolid`, `datecreated`, `status`) VALUES
(1, '2409198920', 'Abel', 'OSH', 1234567, 'info@abelosh.com', '8d969eef6ecad3c29a3a629280e686cf0c3f5d5a86aff3ca12020c923adc6c92', '24252622', 'Abel OSH', 'Antigua Guatemala', '', 1, '2020-08-13 00:51:44', 1),
(2, '131313131313', 'Carlos', 'Hernández', 121212121, 'carlos@info.com', '8d969eef6ecad3c29a3a629280e686cf0c3f5d5a86aff3ca12020c923adc6c92', '', '', '', '2c52a34f7988a0afc63e-dfe4badca8d2cb2b93e6-94824d050567a0ccd851-56165c5603c4ca020', 2, '2020-08-13 00:54:08', 1),
(3, '879846545454', 'Pablo', 'Arana', 784858856, 'pablo@info.com', '8d969eef6ecad3c29a3a629280e686cf0c3f5d5a86aff3ca12020c923adc6c92', '', '', '', '', 3, '2020-08-14 01:42:34', 1),
(4, '65465465', 'Jorge David', 'Arana', 987846545, 'jorge@info.com', '8d969eef6ecad3c29a3a629280e686cf0c3f5d5a86aff3ca12020c923adc6c92', '', '', '', '', 1, '2020-08-22 00:27:17', 1),
(5, '4654654', 'Carme Elena', 'Arana', 12121221, 'carmen@infom.com', 'be63ad947e82808780278e044bcd0267a6ac6b3cd1abdb107cc10b445a182eb0', '', '', '', '', 2, '2020-08-22 00:35:04', 1),
(6, '8465484', 'Alex Fernando', 'Méndez', 222222222, 'alex@info.com', '8d969eef6ecad3c29a3a629280e686cf0c3f5d5a86aff3ca12020c923adc6c92', '', '', '', '', 3, '2020-08-22 00:48:50', 1),
(7, '54684987', 'Francisco', 'Herrera', 6654456545, 'francisco@info.com', '8d969eef6ecad3c29a3a629280e686cf0c3f5d5a86aff3ca12020c923adc6c92', '', '', '', '', 2, '2020-08-22 01:55:57', 1),
(8, '54646849844', 'Axel Gudiel', 'Vela', 654687454, 'axel@info.com', '993fdea29acd1f7c6a6423c038601b175bb282382fc85b306a85f134fff4a63e', '', '', '', '', 3, '2020-09-07 01:30:52', 1),
(9, '46548454', 'Alan', 'Arenales', 45687954, 'alan@info.com', '8d969eef6ecad3c29a3a629280e686cf0c3f5d5a86aff3ca12020c923adc6c92', 'CF', 'Alan', 'Ciudad', '', 7, '2020-10-11 01:30:23', 1),
(10, '89898989', 'Mary', 'Arana', 232323, 'mary@info.com', '959b633150ca56bdbe8eefb0b510d720ec00714fc3f6160832dd2ae0c0a0611b', 'CF', 'Marta Cardona', 'Ciudad de Guatemala', '', 7, '2020-10-11 01:43:30', 1),
(11, '54789656458', 'Joel Eduardo', 'Cabrera', 54124528, 'joel@joel.com', '96cae35ce8a9b0244178bf28e4966c2ce1b8385723a96a6b838858cdd6ca0a1e', 'CF', 'Joel Eduardo', 'Antigua Guatemala', '', 7, '2020-10-11 01:44:30', 1),
(12, '56874654', 'Pablo', 'Herrera', 65468464, 'pabloh@info.com', '7213f0b87347be4a36e70f9a9eeca3dfc48da72c6ef346871e36e6d53c5572c1', 'CF', 'Pablo', 'Antigua Guatemala', '', 7, '2020-10-11 01:59:45', 1),
(13, '46584645', 'Elena', 'Rosales', 46876454, 'elena123@info.com', '8d969eef6ecad3c29a3a629280e686cf0c3f5d5a86aff3ca12020c923adc6c92', '', '', '', '', 7, '2020-12-03 04:23:40', 1),
(14, '654654654547', 'Alexa', 'Cardona', 487546878, 'alexa@info.com', '74d7f333ede0080c542c95522969be8dbc5a127d4cd3b1f765944e318f087bec', '', '', '', '', 2, '2020-12-04 01:49:58', 1),
(15, '6546546545', 'Alan', 'Estrada', 464564564, 'aaaa@info.com', '739ed90c2e5568537d3b3e37550d467e8469a9c2efee57b8ea0faf50bc54f8a2', '', '', '', '', 2, '2020-12-04 02:45:37', 1),
(16, '65465465478', 'Jorge', 'Mendoza', 6545644, 'jmendoza@info.com', '8d969eef6ecad3c29a3a629280e686cf0c3f5d5a86aff3ca12020c923adc6c92', 'CF', 'Jorge Mendoza', 'Ciudad', '', 2, '2020-12-05 01:58:08', 1),
(17, '65465455', 'Jorge', 'Mendoza', 6545644, 'jjjj@info.com', '8d969eef6ecad3c29a3a629280e686cf0c3f5d5a86aff3ca12020c923adc6c92', 'CF', 'Jorge Mendoza', 'Ciudad', '', 2, '2020-12-05 01:59:25', 1),
(18, '46584654711', 'Arnold', 'Gutierrez', 78465454, 'arnold@info.com', '8d969eef6ecad3c29a3a629280e686cf0c3f5d5a86aff3ca12020c923adc6c92', 'CF', 'Arnold', 'Ciudad', '', 7, '2020-12-05 02:02:31', 1),
(19, '64894654', 'Julieta', 'Estrada', 4654564, 'julieta@info.com', 'b6602f58690ca41488e97cd28153671356747c951c55541b6c8d8b8493eb7143', 'CF', 'Julieta', 'Ciudad', '', 7, '2020-12-05 02:22:30', 1),
(20, '', 'Jon', 'Beta', 456546545, 'jon@info.com', '423d557f5d78958e981a85aed290d2d4d5453f9b2857e6b9d34bac1a19e3d740', '', '', '', '', 7, '2020-12-28 03:36:39', 1),
(21, '34567432', 'Ale', 'Pérez', 4654798878, 'ale@info.com', '8d969eef6ecad3c29a3a629280e686cf0c3f5d5a86aff3ca12020c923adc6c92', '', '', '', '', 7, '2020-12-28 03:42:23', 1),
(22, '23456789', 'Asdfgyu', 'Sdfgtyh', 12345, 'sdf@sdfg.com', 'f5e6997128b43463fd3c49083bc7c17550007b7b45ffd63e8507d9ad6c859954', NULL, NULL, NULL, NULL, 1, '2023-03-02 19:37:15', 0);

-- --------------------------------------------------------

--
-- Estructura de tabla para la tabla `producto`
--

CREATE TABLE `producto` (
  `idproducto` bigint(20) NOT NULL,
  `categoriaid` bigint(20) NOT NULL,
  `codigo` varchar(30) NOT NULL,
  `nombre` varchar(255) NOT NULL,
  `descripcion` text NOT NULL,
  `precio` decimal(11,2) NOT NULL,
  `stock` int(11) NOT NULL,
  `imagen` varchar(100) NOT NULL,
  `datecreated` datetime NOT NULL DEFAULT current_timestamp(),
  `ruta` varchar(255) NOT NULL,
  `status` int(11) NOT NULL DEFAULT 1
) ENGINE=InnoDB DEFAULT CHARSET=utf8mb4 COLLATE=utf8mb4_swedish_ci;

--
-- Volcado de datos para la tabla `producto`
--

INSERT INTO `producto` (`idproducto`, `categoriaid`, `codigo`, `nombre`, `descripcion`, `precio`, `stock`, `imagen`, `datecreated`, `ruta`, `status`) VALUES
(1, 4, '45684545', 'Producto 1', '<p>Descripci&oacute;n producto 1</p>', '200.00', 10, '', '2020-11-15 00:57:57', 'producto-1', 1),
(2, 3, '465456465', 'Producto 1', '<p>Descripci&oacute;n producto</p> <ul> <li>Uno</li> <li>Dos</li> </ul>', '110.00', 10, '', '2020-11-15 03:13:35', 'producto-1', 1),
(3, 1, '4654654', 'Producto Uno', '<p>Descripci&oacute;n producto uno</p> <table style=\"border-collapse: collapse; width: 100%;\" border=\"1\"> <tbody> <tr> <td style=\"width: 48.0244%;\">N&uacute;mero</td> <td style=\"width: 48.022%;\">Descripc&iacute;&oacute;n</td> </tr> <tr> <td style=\"width: 48.0244%;\">Uno</td> <td style=\"width: 48.022%;\">Peque&ntilde;o</td> </tr> <tr> <td style=\"width: 48.0244%;\">Dos</td> <td style=\"width: 48.022%;\">Mediano</td> </tr> <tr> <td style=\"width: 48.0244%;\">Tres</td> <td style=\"width: 48.022%;\">Grande</td> </tr> </tbody> </table>', '200.00', 50, '', '2020-11-15 03:19:15', 'producto-uno', 1),
(4, 2, '45654654', 'Producto 4', '<p>Descripci&oacute; producto</p>', '50.00', 0, '', '2020-11-23 02:59:44', 'producto-4', 1),
(5, 5, '6546546545', 'Producto 5', '<p>Aqu&iacute; va la descripci&oacute;n del producto</p> <ul> <li>Grande</li> <li>Peque&ntilde;o</li> <li>Mediano</li> </ul>', '1000.00', 10, '', '2020-11-23 03:22:35', 'producto-5', 1),
(6, 4, '646546547877', 'Producto 6', '<p>Descripci&oacute;n producto seis</p> <ul> <li>Uno</li> <li>Dos</li> <li>Tres</li> </ul> <p>&nbsp;</p>', '50.00', 10, '', '2020-11-23 03:38:55', 'producto-6', 1),
(7, 5, '65465454', 'Producto 7', '<p>Datos del producto</p>', '100.00', 10, '', '2020-11-23 03:39:59', 'producto-7', 1),
(8, 5, '6546545', 'Producto 8', '<p>Descripc&iacute;on</p>', '50.00', 10, '', '2020-11-23 03:43:29', 'producto-8', 1),
(9, 2, '546455456', 'Producto Nuevo', '<p>Datos del producto</p>', '120.00', 50, '', '2020-12-01 12:52:33', 'producto-nuevo', 1),
(10, 1, '654546544', 'Producto Nuevo', '<p>Descripc&oacute;n</p>', '100.00', 0, '', '2020-12-02 03:52:09', 'producto-nuevo', 1),
(11, 1, '4657897897', 'Producto Prueba AX-12', '<p>Descripcipci&oacute;n producto prueba</p> <ul> <li>Uno</li> <li>Dos</li> <li>Tres</li> </ul> <p>&nbsp;</p>', '100.00', 50, '', '2020-12-06 02:30:02', 'producto-prueba-ax-12', 1),
(12, 1, '4894647878', 'Chaqueta Azúl', '<p>Descripci&oacute;n producto ejemplo</p> <ul> <li>Uno</li> <li>Dos</li> <li>Tres</li> </ul>', '110.00', 10, '', '2020-12-11 02:23:22', 'chaqueta-azul', 1),
(13, 1, '4654654564', 'Producto nuevo Ruta AX-1', '<p>Descripci&oacute;n producto Nuevo</p>', '100.00', 5, '', '2020-12-18 00:44:28', 'producto-nuevo-ruta-ax-1', 1);

-- --------------------------------------------------------

--
-- Estructura de tabla para la tabla `rol`
--

CREATE TABLE `rol` (
  `idrol` bigint(20) NOT NULL,
  `nombrerol` varchar(50) NOT NULL,
  `descripcion` text NOT NULL,
  `status` int(11) NOT NULL DEFAULT 1
) ENGINE=InnoDB DEFAULT CHARSET=utf8mb4 COLLATE=utf8mb4_swedish_ci;

--
-- Volcado de datos para la tabla `rol`
--

INSERT INTO `rol` (`idrol`, `nombrerol`, `descripcion`, `status`) VALUES
(1, 'Administrador', 'Acceso a todo el sistema', 1),
(2, 'Supervisores', 'Supervisor de tienda', 1),
(3, 'Vendedores', 'Acceso a módulo ventas', 1),
(4, 'Servicio al cliente', 'Servicio al cliente sistema', 1),
(5, 'Bodega', 'Bodega', 1),
(6, 'Resporteria', 'Resporteria Sistema', 2),
(7, 'Cliente', 'Clientes tienda', 1),
(8, 'Ejemplo rol', 'Ejemplo rol sitema', 1),
(9, 'Coordinador', 'Coordinador', 1),
(10, 'Consulta Ventasertyui', 'Consulta Ventas', 1);

-- --------------------------------------------------------

--
-- Estructura de tabla para la tabla `tipopago`
--

CREATE TABLE `tipopago` (
  `idtipopago` bigint(20) NOT NULL,
  `tipopago` varchar(100) NOT NULL,
  `status` int(11) NOT NULL DEFAULT 1
) ENGINE=InnoDB DEFAULT CHARSET=utf8mb4 COLLATE=utf8mb4_swedish_ci;

--
-- Volcado de datos para la tabla `tipopago`
--

INSERT INTO `tipopago` (`idtipopago`, `tipopago`, `status`) VALUES
(1, 'PayPal', 1),
(2, 'Efectivo', 1),
(3, 'Tarjeta', 1),
(4, 'Cheque', 1),
(5, 'Despósito Bancario', 1);

--
-- Índices para tablas volcadas
--

--
-- Indices de la tabla `categoria`
--
ALTER TABLE `categoria`
  ADD PRIMARY KEY (`idcategoria`);

--
-- Indices de la tabla `detalle_pedido`
--
ALTER TABLE `detalle_pedido`
  ADD PRIMARY KEY (`id`),
  ADD KEY `pedidoid` (`pedidoid`),
  ADD KEY `productoid` (`productoid`);

--
-- Indices de la tabla `detalle_temp`
--
ALTER TABLE `detalle_temp`
  ADD PRIMARY KEY (`id`),
  ADD KEY `productoid` (`productoid`),
  ADD KEY `personaid` (`personaid`);

--
-- Indices de la tabla `imagen`
--
ALTER TABLE `imagen`
  ADD PRIMARY KEY (`id`),
  ADD KEY `productoid` (`productoid`);

--
-- Indices de la tabla `modulo`
--
ALTER TABLE `modulo`
  ADD PRIMARY KEY (`idmodulo`);

--
-- Indices de la tabla `pedido`
--
ALTER TABLE `pedido`
  ADD PRIMARY KEY (`idpedido`),
  ADD KEY `personaid` (`personaid`),
  ADD KEY `tipopagoid` (`tipopagoid`);

--
-- Indices de la tabla `permisos`
--
ALTER TABLE `permisos`
  ADD PRIMARY KEY (`idpermiso`),
  ADD KEY `rolid` (`rolid`),
  ADD KEY `moduloid` (`moduloid`);

--
-- Indices de la tabla `persona`
--
ALTER TABLE `persona`
  ADD PRIMARY KEY (`idpersona`),
  ADD KEY `rolid` (`rolid`);

--
-- Indices de la tabla `producto`
--
ALTER TABLE `producto`
  ADD PRIMARY KEY (`idproducto`),
  ADD KEY `categoriaid` (`categoriaid`);

--
-- Indices de la tabla `rol`
--
ALTER TABLE `rol`
  ADD PRIMARY KEY (`idrol`);

--
-- Indices de la tabla `tipopago`
--
ALTER TABLE `tipopago`
  ADD PRIMARY KEY (`idtipopago`);

--
-- AUTO_INCREMENT de las tablas volcadas
--

--
-- AUTO_INCREMENT de la tabla `categoria`
--
ALTER TABLE `categoria`
  MODIFY `idcategoria` bigint(20) NOT NULL AUTO_INCREMENT, AUTO_INCREMENT=9;

--
-- AUTO_INCREMENT de la tabla `detalle_pedido`
--
ALTER TABLE `detalle_pedido`
  MODIFY `id` bigint(20) NOT NULL AUTO_INCREMENT;

--
-- AUTO_INCREMENT de la tabla `detalle_temp`
--
ALTER TABLE `detalle_temp`
  MODIFY `id` bigint(20) NOT NULL AUTO_INCREMENT, AUTO_INCREMENT=21;

--
-- AUTO_INCREMENT de la tabla `imagen`
--
ALTER TABLE `imagen`
  MODIFY `id` bigint(20) NOT NULL AUTO_INCREMENT, AUTO_INCREMENT=37;

--
-- AUTO_INCREMENT de la tabla `modulo`
--
ALTER TABLE `modulo`
  MODIFY `idmodulo` bigint(20) NOT NULL AUTO_INCREMENT, AUTO_INCREMENT=7;

--
-- AUTO_INCREMENT de la tabla `pedido`
--
ALTER TABLE `pedido`
  MODIFY `idpedido` bigint(20) NOT NULL AUTO_INCREMENT;

--
-- AUTO_INCREMENT de la tabla `permisos`
--
ALTER TABLE `permisos`
  MODIFY `idpermiso` bigint(20) NOT NULL AUTO_INCREMENT, AUTO_INCREMENT=614;

--
-- AUTO_INCREMENT de la tabla `persona`
--
ALTER TABLE `persona`
  MODIFY `idpersona` bigint(20) NOT NULL AUTO_INCREMENT, AUTO_INCREMENT=23;

--
-- AUTO_INCREMENT de la tabla `producto`
--
ALTER TABLE `producto`
  MODIFY `idproducto` bigint(20) NOT NULL AUTO_INCREMENT, AUTO_INCREMENT=14;

--
-- AUTO_INCREMENT de la tabla `rol`
--
ALTER TABLE `rol`
  MODIFY `idrol` bigint(20) NOT NULL AUTO_INCREMENT, AUTO_INCREMENT=11;

--
-- AUTO_INCREMENT de la tabla `tipopago`
--
ALTER TABLE `tipopago`
  MODIFY `idtipopago` bigint(20) NOT NULL AUTO_INCREMENT, AUTO_INCREMENT=6;

--
-- Restricciones para tablas volcadas
--

--
-- Filtros para la tabla `detalle_pedido`
--
ALTER TABLE `detalle_pedido`
  ADD CONSTRAINT `detalle_pedido_ibfk_1` FOREIGN KEY (`pedidoid`) REFERENCES `pedido` (`idpedido`) ON DELETE CASCADE ON UPDATE CASCADE,
  ADD CONSTRAINT `detalle_pedido_ibfk_2` FOREIGN KEY (`productoid`) REFERENCES `producto` (`idproducto`) ON DELETE CASCADE ON UPDATE CASCADE;

--
-- Filtros para la tabla `detalle_temp`
--
ALTER TABLE `detalle_temp`
  ADD CONSTRAINT `detalle_temp_ibfk_1` FOREIGN KEY (`productoid`) REFERENCES `producto` (`idproducto`) ON DELETE CASCADE ON UPDATE CASCADE;

--
-- Filtros para la tabla `imagen`
--
ALTER TABLE `imagen`
  ADD CONSTRAINT `imagen_ibfk_1` FOREIGN KEY (`productoid`) REFERENCES `producto` (`idproducto`) ON DELETE CASCADE ON UPDATE CASCADE;

--
-- Filtros para la tabla `pedido`
--
ALTER TABLE `pedido`
  ADD CONSTRAINT `pedido_ibfk_1` FOREIGN KEY (`personaid`) REFERENCES `persona` (`idpersona`) ON DELETE CASCADE ON UPDATE CASCADE,
  ADD CONSTRAINT `pedido_ibfk_2` FOREIGN KEY (`tipopagoid`) REFERENCES `tipopago` (`idtipopago`) ON DELETE CASCADE ON UPDATE CASCADE;

--
-- Filtros para la tabla `permisos`
--
ALTER TABLE `permisos`
  ADD CONSTRAINT `permisos_ibfk_1` FOREIGN KEY (`rolid`) REFERENCES `rol` (`idrol`) ON DELETE CASCADE ON UPDATE CASCADE,
  ADD CONSTRAINT `permisos_ibfk_2` FOREIGN KEY (`moduloid`) REFERENCES `modulo` (`idmodulo`) ON DELETE CASCADE ON UPDATE CASCADE;

--
-- Filtros para la tabla `persona`
--
ALTER TABLE `persona`
  ADD CONSTRAINT `persona_ibfk_1` FOREIGN KEY (`rolid`) REFERENCES `rol` (`idrol`) ON DELETE CASCADE ON UPDATE CASCADE;

--
-- Filtros para la tabla `producto`
--
ALTER TABLE `producto`
  ADD CONSTRAINT `producto_ibfk_1` FOREIGN KEY (`categoriaid`) REFERENCES `categoria` (`idcategoria`) ON DELETE CASCADE ON UPDATE CASCADE;
COMMIT;

/*!40101 SET CHARACTER_SET_CLIENT=@OLD_CHARACTER_SET_CLIENT */;
/*!40101 SET CHARACTER_SET_RESULTS=@OLD_CHARACTER_SET_RESULTS */;
/*!40101 SET COLLATION_CONNECTION=@OLD_COLLATION_CONNECTION */;
